,Raw,Global Bias Corrected
GNSS,2.070181689441,0.4195895744310807
Fusion SW,2.057596739130439,0.42465465848659534
Fusion LW,2.213668645962736,0.20931725572685167
DTEC SW,2.040477708074537,0.5214307995689129
DTEC LW,2.0687003291925485,0.4994582578791871
