,Raw,Global Bias Corrected,Raw_count,Global Bias Corrected_count
GNSS only,2.076384273291927,0.4175954736077374,6677781,6677781
VLBI DTEC,2.0687003291925485,0.4994582578791871,6677781,6677781
VLBI VTEC,2.218139596273293,0.2101414463148661,6677781,6677781
