,Raw,Global Bias Corrected,Raw_count,Global Bias Corrected_count
GNSS only,2.070181689441,0.4195895744310807,6412285,6412285
VLBI DTEC,2.0607531118012403,0.5025509238720716,6412285,6412285
VLBI VTEC,2.213668645962736,0.20931725572685167,6412285,6412285
