Method,global_RMSE,global_MAE,global_RMSE_globalbias,global_MAE_globalbias
GNSS,4.865,3.67,4.390000000000001,2.975
Fusion LW,4.825,3.6550000000000002,4.3149999999999995,3.0149999999999997
Fusion SW,4.905,3.6950000000000003,4.46,3.03
DTEC LW,5.235,3.83,4.945,3.18
DTEC SW,5.255,3.8049999999999997,4.9,3.2
